{
  "firstLayout": "",
  "gdVersion": {
    "build": 99,
    "major": 4,
    "minor": 0,
    "revision": 0
  },
  "properties": {
    "adaptGameResolutionAtRuntime": true,
    "folderProject": false,
    "orientation": "landscape",
    "packageName": "com.example.gamename",
    "pixelsRounding": false,
    "projectUuid": "689e2cf9-9982-4b10-aee9-c34a548dfa92",
    "scaleMode": "linear",
    "sizeOnStartupMode": "adaptWidth",
    "useExternalSourceFiles": false,
    "version": "1.0.0",
    "name": "Pong",
    "author": "",
    "windowWidth": 800,
    "windowHeight": 600,
    "latestCompilationDirectory": "",
    "maxFPS": 60,
    "minFPS": 20,
    "verticalSync": false,
    "platformSpecificAssets": {},
    "loadingScreen": {
      "backgroundColor": 0,
      "backgroundFadeInDuration": 0.2,
      "backgroundImageResourceName": "",
      "gdevelopLogoStyle": "light",
      "logoAndProgressFadeInDuration": 0.2,
      "logoAndProgressLogoFadeInDelay": 0.2,
      "minDuration": 1.5,
      "progressBarColor": 16777215,
      "progressBarHeight": 20,
      "progressBarMaxWidth": 200,
      "progressBarMinWidth": 40,
      "progressBarWidthPercent": 30,
      "showGDevelopSplash": true,
      "showProgressBar": true
    },
    "authorIds": [],
    "extensionProperties": [],
    "platforms": [
      {
        "name": "GDevelop JS platform"
      }
    ],
    "currentPlatform": "GDevelop JS platform"
  },
  "resources": {
    "resources": [
      {
        "alwaysLoaded": false,
        "file": "assets/Green laser (06).png",
        "kind": "image",
        "metadata": "",
        "name": "Green laser (06).png",
        "smoothed": true,
        "userAdded": false,
        "origin": {
          "identifier": "https://resources.gdevelop-app.com/assets/Space Shooter/PNG/Lasers/Green laser (06).png",
          "name": "gdevelop-asset-store"
        }
      },
      {
        "alwaysLoaded": false,
        "file": "assets/Small Brown Meteor (2).png",
        "kind": "image",
        "metadata": "",
        "name": "Small Brown Meteor (2).png",
        "smoothed": true,
        "userAdded": false,
        "origin": {
          "identifier": "https://resources.gdevelop-app.com/assets/Space Shooter/PNG/Meteors/Small Brown Meteor (2).png",
          "name": "gdevelop-asset-store"
        }
      },
      {
        "alwaysLoaded": false,
        "file": "assets/tiled_black space.png",
        "kind": "image",
        "metadata": "",
        "name": "tiled_black space.png",
        "smoothed": true,
        "userAdded": false,
        "origin": {
          "identifier": "https://resources.gdevelop-app.com/assets/Space Shooter/Backgrounds/tiled_black space.png",
          "name": "gdevelop-asset-store"
        }
      },
      {
        "alwaysLoaded": false,
        "file": "assets/Green laser (07).png",
        "kind": "image",
        "metadata": "",
        "name": "Green laser (07).png",
        "smoothed": true,
        "userAdded": false,
        "origin": {
          "identifier": "https://resources.gdevelop-app.com/assets/Space Shooter/PNG/Lasers/Green laser (07).png",
          "name": "gdevelop-asset-store"
        }
      },
      {
        "alwaysLoaded": false,
        "file": "assets/tiled_blue space.png",
        "kind": "image",
        "metadata": "",
        "name": "tiled_blue space.png",
        "smoothed": true,
        "userAdded": false,
        "origin": {
          "identifier": "https://resources.gdevelop-app.com/assets/Space Shooter/Backgrounds/tiled_blue space.png",
          "name": "gdevelop-asset-store"
        }
      }
    ],
    "resourceFolders": []
  },
  "objects": [],
  "objectsGroups": [],
  "variables": [],
  "layouts": [
    {
      "b": 209,
      "disableInputWhenNotFocused": true,
      "mangledName": "Movement",
      "name": "Movement",
      "oglFOV": 90,
      "oglZFar": 500,
      "oglZNear": 1,
      "r": 209,
      "standardSortMethod": true,
      "stopSoundsOnStartup": true,
      "title": "",
      "v": 209,
      "uiSettings": {
        "grid": false,
        "gridType": "rectangular",
        "gridWidth": 32,
        "gridHeight": 32,
        "gridOffsetX": 0,
        "gridOffsetY": 0,
        "gridColor": 10401023,
        "gridAlpha": 0.8,
        "snap": false,
        "zoomFactor": 1,
        "windowMask": false
      },
      "objectsGroups": [],
      "variables": [],
      "instances": [
        {
          "angle": 0,
          "customSize": true,
          "height": 608,
          "layer": "",
          "locked": false,
          "name": "BlueSpace",
          "persistentUuid": "26f677df-b64d-491a-946d-a8fa3a6b257a",
          "width": 736,
          "x": 32,
          "y": 0,
          "zOrder": 1,
          "numberProperties": [],
          "stringProperties": [],
          "initialVariables": [
            {
              "name": "Variable",
              "type": "string",
              "value": ""
            }
          ]
        },
        {
          "angle": 0,
          "customSize": true,
          "height": 84,
          "layer": "",
          "locked": false,
          "name": "Player",
          "persistentUuid": "6032d427-e757-4715-b85b-4e25a447f043",
          "width": 9,
          "x": 32,
          "y": 256,
          "zOrder": 3,
          "numberProperties": [],
          "stringProperties": [],
          "initialVariables": [
            {
              "name": "Variable",
              "type": "string",
              "value": "Player"
            }
          ]
        },
        {
          "angle": 0,
          "customSize": false,
          "height": 0,
          "layer": "",
          "locked": false,
          "name": "SmallBrownMeteor2",
          "persistentUuid": "8d708a6c-5003-44d4-8b2a-1c5821c481d9",
          "width": 0,
          "x": 375,
          "y": 270,
          "zOrder": 4,
          "numberProperties": [],
          "stringProperties": [],
          "initialVariables": []
        },
        {
          "angle": 0,
          "customSize": true,
          "height": 76,
          "layer": "",
          "locked": false,
          "name": "AI",
          "persistentUuid": "ce6828e2-8b61-41d1-8212-afc573e8c125",
          "width": 9,
          "x": 756,
          "y": 264,
          "zOrder": 5,
          "numberProperties": [],
          "stringProperties": [],
          "initialVariables": [
            {
              "name": "Variable",
              "type": "string",
              "value": "AI"
            }
          ]
        }
      ],
      "objects": [
        {
          "name": "AI",
          "tags": "",
          "type": "Sprite",
          "updateIfNotVisible": false,
          "variables": [],
          "effects": [],
          "behaviors": [],
          "animations": [
            {
              "name": "",
              "useMultipleDirections": false,
              "directions": [
                {
                  "looping": true,
                  "timeBetweenFrames": 0.02500000037252903,
                  "sprites": [
                    {
                      "hasCustomCollisionMask": false,
                      "image": "Green laser (07).png",
                      "points": [],
                      "originPoint": {
                        "name": "origine",
                        "x": 0,
                        "y": 0
                      },
                      "centerPoint": {
                        "automatic": true,
                        "name": "centre",
                        "x": 0,
                        "y": 0
                      },
                      "customCollisionMask": []
                    }
                  ]
                }
              ]
            }
          ]
        },
        {
          "name": "Player",
          "tags": "",
          "type": "Sprite",
          "updateIfNotVisible": false,
          "variables": [],
          "effects": [],
          "behaviors": [],
          "animations": [
            {
              "name": "",
              "useMultipleDirections": false,
              "directions": [
                {
                  "looping": true,
                  "timeBetweenFrames": 0.02500000037252903,
                  "sprites": [
                    {
                      "hasCustomCollisionMask": false,
                      "image": "Green laser (07).png",
                      "points": [],
                      "originPoint": {
                        "name": "origine",
                        "x": 0,
                        "y": 0
                      },
                      "centerPoint": {
                        "automatic": true,
                        "name": "centre",
                        "x": 0,
                        "y": 0
                      },
                      "customCollisionMask": []
                    }
                  ]
                }
              ]
            }
          ]
        },
        {
          "name": "SmallBrownMeteor2",
          "tags": "",
          "type": "Sprite",
          "updateIfNotVisible": false,
          "variables": [],
          "effects": [],
          "behaviors": [],
          "animations": [
            {
              "name": "",
              "useMultipleDirections": false,
              "directions": [
                {
                  "looping": true,
                  "timeBetweenFrames": 0.02500000037252903,
                  "sprites": [
                    {
                      "hasCustomCollisionMask": false,
                      "image": "Small Brown Meteor (2).png",
                      "points": [],
                      "originPoint": {
                        "name": "origine",
                        "x": 0,
                        "y": 0
                      },
                      "centerPoint": {
                        "automatic": true,
                        "name": "centre",
                        "x": 0,
                        "y": 0
                      },
                      "customCollisionMask": []
                    }
                  ]
                }
              ]
            }
          ]
        },
        {
          "height": 128,
          "name": "BlueSpace",
          "tags": "",
          "texture": "tiled_blue space.png",
          "type": "TiledSpriteObject::TiledSprite",
          "width": 128,
          "variables": [],
          "effects": [],
          "behaviors": []
        }
      ],
      "events": [
        {
          "disabled": false,
          "folded": false,
          "type": "BuiltinCommonInstructions::Standard",
          "conditions": [
            {
              "type": {
                "inverted": false,
                "value": "KeyPressed"
              },
              "parameters": [
                "",
                "w"
              ],
              "subInstructions": []
            }
          ],
          "actions": [
            {
              "type": {
                "inverted": false,
                "value": "MettreY"
              },
              "parameters": [
                "Player",
                "-",
                "5"
              ],
              "subInstructions": []
            }
          ],
          "events": []
        },
        {
          "disabled": false,
          "folded": false,
          "type": "BuiltinCommonInstructions::Standard",
          "conditions": [
            {
              "type": {
                "inverted": false,
                "value": "KeyPressed"
              },
              "parameters": [
                "AI",
                "Up"
              ],
              "subInstructions": []
            }
          ],
          "actions": [
            {
              "type": {
                "inverted": false,
                "value": "MettreY"
              },
              "parameters": [
                "AI",
                "-",
                "5"
              ],
              "subInstructions": []
            }
          ],
          "events": []
        },
        {
          "disabled": false,
          "folded": false,
          "type": "BuiltinCommonInstructions::Standard",
          "conditions": [
            {
              "type": {
                "inverted": false,
                "value": "KeyPressed"
              },
              "parameters": [
                "",
                "Down"
              ],
              "subInstructions": []
            }
          ],
          "actions": [
            {
              "type": {
                "inverted": false,
                "value": "MettreY"
              },
              "parameters": [
                "AI",
                "+",
                "5"
              ],
              "subInstructions": []
            }
          ],
          "events": []
        },
        {
          "disabled": false,
          "folded": false,
          "type": "BuiltinCommonInstructions::Standard",
          "conditions": [
            {
              "type": {
                "inverted": false,
                "value": "KeyPressed"
              },
              "parameters": [
                "",
                "s"
              ],
              "subInstructions": []
            }
          ],
          "actions": [
            {
              "type": {
                "inverted": false,
                "value": "MettreY"
              },
              "parameters": [
                "Player",
                "+",
                "5"
              ],
              "subInstructions": []
            }
          ],
          "events": []
        }
      ],
      "layers": [
        {
          "ambientLightColorB": 7039016,
          "ambientLightColorG": 0,
          "ambientLightColorR": 0,
          "followBaseLayerCamera": false,
          "isLightingLayer": false,
          "name": "",
          "visibility": true,
          "cameras": [
            {
              "defaultSize": true,
              "defaultViewport": true,
              "height": 0,
              "viewportBottom": 1,
              "viewportLeft": 0,
              "viewportRight": 1,
              "viewportTop": 0,
              "width": 0
            }
          ],
          "effects": []
        }
      ],
      "behaviorsSharedData": []
    }
  ],
  "externalEvents": [
    {
      "associatedLayout": "Movement",
      "lastChangeTimeStamp": 0,
      "name": "Ball Movement",
      "events": [
        {
          "disabled": false,
          "folded": false,
          "type": "BuiltinCommonInstructions::Standard",
          "conditions": [],
          "actions": [],
          "events": []
        }
      ]
    }
  ],
  "eventsFunctionsExtensions": [
    {
      "author": "",
      "description": "",
      "extensionNamespace": "",
      "fullName": "",
      "helpPath": "",
      "iconUrl": "",
      "name": "NewExtension",
      "previewIconUrl": "",
      "shortDescription": "",
      "version": "",
      "tags": [],
      "authorIds": [],
      "dependencies": [],
      "eventsFunctions": [],
      "eventsBasedBehaviors": []
    }
  ],
  "externalLayouts": [],
  "externalSourceFiles": []
}