{
  "firstLayout": "",
  "gdVersion": {
    "build": 99,
    "major": 4,
    "minor": 0,
    "revision": 0
  },
  "properties": {
    "adaptGameResolutionAtRuntime": true,
    "folderProject": false,
    "orientation": "landscape",
    "packageName": "com.example.gamename",
    "pixelsRounding": false,
    "projectUuid": "4cc106e5-ad3e-4ab9-885c-ee7568bd14f6",
    "scaleMode": "linear",
    "sizeOnStartupMode": "adaptWidth",
    "useExternalSourceFiles": false,
    "version": "1.0.0",
    "name": "Platformer",
    "author": "",
    "windowWidth": 800,
    "windowHeight": 600,
    "latestCompilationDirectory": "",
    "maxFPS": 60,
    "minFPS": 20,
    "verticalSync": false,
    "platformSpecificAssets": {},
    "loadingScreen": {
      "backgroundColor": 0,
      "backgroundFadeInDuration": 0.2,
      "backgroundImageResourceName": "",
      "gdevelopLogoStyle": "light",
      "logoAndProgressFadeInDuration": 0.2,
      "logoAndProgressLogoFadeInDelay": 0.2,
      "minDuration": 1.5,
      "progressBarColor": 16777215,
      "progressBarHeight": 20,
      "progressBarMaxWidth": 200,
      "progressBarMinWidth": 40,
      "progressBarWidthPercent": 30,
      "showGDevelopSplash": true,
      "showProgressBar": true
    },
    "authorIds": [],
    "extensionProperties": [],
    "platforms": [
      {
        "name": "GDevelop JS platform"
      }
    ],
    "currentPlatform": "GDevelop JS platform"
  },
  "resources": {
    "resources": [
      {
        "alwaysLoaded": false,
        "file": "assets/Skelet_Idle_1.png",
        "kind": "image",
        "metadata": "",
        "name": "Skelet_Idle_1.png",
        "smoothed": true,
        "userAdded": false,
        "origin": {
          "identifier": "https://resources.gdevelop-app.com/assets/16x16 Dungeon Tileset/Characters/Skelet_Idle_1.png",
          "name": "gdevelop-asset-store"
        }
      },
      {
        "alwaysLoaded": false,
        "file": "assets/Skelet_Idle_2.png",
        "kind": "image",
        "metadata": "",
        "name": "Skelet_Idle_2.png",
        "smoothed": true,
        "userAdded": false,
        "origin": {
          "identifier": "https://resources.gdevelop-app.com/assets/16x16 Dungeon Tileset/Characters/Skelet_Idle_2.png",
          "name": "gdevelop-asset-store"
        }
      },
      {
        "alwaysLoaded": false,
        "file": "assets/Skelet_Idle_3.png",
        "kind": "image",
        "metadata": "",
        "name": "Skelet_Idle_3.png",
        "smoothed": true,
        "userAdded": false,
        "origin": {
          "identifier": "https://resources.gdevelop-app.com/assets/16x16 Dungeon Tileset/Characters/Skelet_Idle_3.png",
          "name": "gdevelop-asset-store"
        }
      },
      {
        "alwaysLoaded": false,
        "file": "assets/Skelet_Idle_4.png",
        "kind": "image",
        "metadata": "",
        "name": "Skelet_Idle_4.png",
        "smoothed": true,
        "userAdded": false,
        "origin": {
          "identifier": "https://resources.gdevelop-app.com/assets/16x16 Dungeon Tileset/Characters/Skelet_Idle_4.png",
          "name": "gdevelop-asset-store"
        }
      },
      {
        "alwaysLoaded": false,
        "file": "assets/Skelet_Run_1.png",
        "kind": "image",
        "metadata": "",
        "name": "Skelet_Run_1.png",
        "smoothed": true,
        "userAdded": false,
        "origin": {
          "identifier": "https://resources.gdevelop-app.com/assets/16x16 Dungeon Tileset/Characters/Skelet_Run_1.png",
          "name": "gdevelop-asset-store"
        }
      },
      {
        "alwaysLoaded": false,
        "file": "assets/Skelet_Run_2.png",
        "kind": "image",
        "metadata": "",
        "name": "Skelet_Run_2.png",
        "smoothed": true,
        "userAdded": false,
        "origin": {
          "identifier": "https://resources.gdevelop-app.com/assets/16x16 Dungeon Tileset/Characters/Skelet_Run_2.png",
          "name": "gdevelop-asset-store"
        }
      },
      {
        "alwaysLoaded": false,
        "file": "assets/Skelet_Run_3.png",
        "kind": "image",
        "metadata": "",
        "name": "Skelet_Run_3.png",
        "smoothed": true,
        "userAdded": false,
        "origin": {
          "identifier": "https://resources.gdevelop-app.com/assets/16x16 Dungeon Tileset/Characters/Skelet_Run_3.png",
          "name": "gdevelop-asset-store"
        }
      },
      {
        "alwaysLoaded": false,
        "file": "assets/Skelet_Run_4.png",
        "kind": "image",
        "metadata": "",
        "name": "Skelet_Run_4.png",
        "smoothed": true,
        "userAdded": false,
        "origin": {
          "identifier": "https://resources.gdevelop-app.com/assets/16x16 Dungeon Tileset/Characters/Skelet_Run_4.png",
          "name": "gdevelop-asset-store"
        }
      },
      {
        "alwaysLoaded": false,
        "file": "assets/Knight Male_Hit.png",
        "kind": "image",
        "metadata": "",
        "name": "Knight Male_Hit.png",
        "smoothed": true,
        "userAdded": false,
        "origin": {
          "identifier": "https://resources.gdevelop-app.com/assets/16x16 Dungeon Tileset/Characters/Knight Male_Hit.png",
          "name": "gdevelop-asset-store"
        }
      },
      {
        "alwaysLoaded": false,
        "file": "assets/Knight Male_Idle_1.png",
        "kind": "image",
        "metadata": "",
        "name": "Knight Male_Idle_1.png",
        "smoothed": true,
        "userAdded": false,
        "origin": {
          "identifier": "https://resources.gdevelop-app.com/assets/16x16 Dungeon Tileset/Characters/Knight Male_Idle_1.png",
          "name": "gdevelop-asset-store"
        }
      },
      {
        "alwaysLoaded": false,
        "file": "assets/Knight Male_Idle_2.png",
        "kind": "image",
        "metadata": "",
        "name": "Knight Male_Idle_2.png",
        "smoothed": true,
        "userAdded": false,
        "origin": {
          "identifier": "https://resources.gdevelop-app.com/assets/16x16 Dungeon Tileset/Characters/Knight Male_Idle_2.png",
          "name": "gdevelop-asset-store"
        }
      },
      {
        "alwaysLoaded": false,
        "file": "assets/Knight Male_Idle_3.png",
        "kind": "image",
        "metadata": "",
        "name": "Knight Male_Idle_3.png",
        "smoothed": true,
        "userAdded": false,
        "origin": {
          "identifier": "https://resources.gdevelop-app.com/assets/16x16 Dungeon Tileset/Characters/Knight Male_Idle_3.png",
          "name": "gdevelop-asset-store"
        }
      },
      {
        "alwaysLoaded": false,
        "file": "assets/Knight Male_Idle_4.png",
        "kind": "image",
        "metadata": "",
        "name": "Knight Male_Idle_4.png",
        "smoothed": true,
        "userAdded": false,
        "origin": {
          "identifier": "https://resources.gdevelop-app.com/assets/16x16 Dungeon Tileset/Characters/Knight Male_Idle_4.png",
          "name": "gdevelop-asset-store"
        }
      },
      {
        "alwaysLoaded": false,
        "file": "assets/Knight Male_Run_1.png",
        "kind": "image",
        "metadata": "",
        "name": "Knight Male_Run_1.png",
        "smoothed": true,
        "userAdded": false,
        "origin": {
          "identifier": "https://resources.gdevelop-app.com/assets/16x16 Dungeon Tileset/Characters/Knight Male_Run_1.png",
          "name": "gdevelop-asset-store"
        }
      },
      {
        "alwaysLoaded": false,
        "file": "assets/Knight Male_Run_2.png",
        "kind": "image",
        "metadata": "",
        "name": "Knight Male_Run_2.png",
        "smoothed": true,
        "userAdded": false,
        "origin": {
          "identifier": "https://resources.gdevelop-app.com/assets/16x16 Dungeon Tileset/Characters/Knight Male_Run_2.png",
          "name": "gdevelop-asset-store"
        }
      },
      {
        "alwaysLoaded": false,
        "file": "assets/Knight Male_Run_3.png",
        "kind": "image",
        "metadata": "",
        "name": "Knight Male_Run_3.png",
        "smoothed": true,
        "userAdded": false,
        "origin": {
          "identifier": "https://resources.gdevelop-app.com/assets/16x16 Dungeon Tileset/Characters/Knight Male_Run_3.png",
          "name": "gdevelop-asset-store"
        }
      },
      {
        "alwaysLoaded": false,
        "file": "assets/Knight Male_Run_4.png",
        "kind": "image",
        "metadata": "",
        "name": "Knight Male_Run_4.png",
        "smoothed": true,
        "userAdded": false,
        "origin": {
          "identifier": "https://resources.gdevelop-app.com/assets/16x16 Dungeon Tileset/Characters/Knight Male_Run_4.png",
          "name": "gdevelop-asset-store"
        }
      },
      {
        "alwaysLoaded": false,
        "file": "assets/Knight Sword.png",
        "kind": "image",
        "metadata": "",
        "name": "Knight Sword.png",
        "smoothed": true,
        "userAdded": false,
        "origin": {
          "identifier": "https://resources.gdevelop-app.com/assets/16x16 Dungeon Tileset/Weapons/Knight Sword.png",
          "name": "gdevelop-asset-store"
        }
      },
      {
        "alwaysLoaded": false,
        "file": "assets/Wall Right.png",
        "kind": "image",
        "metadata": "",
        "name": "Wall Right.png",
        "smoothed": true,
        "userAdded": false,
        "origin": {
          "identifier": "https://resources.gdevelop-app.com/assets/16x16 Dungeon Tileset/Walls/Wall Right.png",
          "name": "gdevelop-asset-store"
        }
      },
      {
        "alwaysLoaded": false,
        "file": "assets/Necromancer_Idle_1.png",
        "kind": "image",
        "metadata": "",
        "name": "Necromancer_Idle_1.png",
        "smoothed": true,
        "userAdded": false,
        "origin": {
          "identifier": "https://resources.gdevelop-app.com/assets/16x16 Dungeon Tileset/Characters/Necromancer_Idle_1.png",
          "name": "gdevelop-asset-store"
        }
      },
      {
        "alwaysLoaded": false,
        "file": "assets/Necromancer_Idle_2.png",
        "kind": "image",
        "metadata": "",
        "name": "Necromancer_Idle_2.png",
        "smoothed": true,
        "userAdded": false,
        "origin": {
          "identifier": "https://resources.gdevelop-app.com/assets/16x16 Dungeon Tileset/Characters/Necromancer_Idle_2.png",
          "name": "gdevelop-asset-store"
        }
      },
      {
        "alwaysLoaded": false,
        "file": "assets/Necromancer_Idle_3.png",
        "kind": "image",
        "metadata": "",
        "name": "Necromancer_Idle_3.png",
        "smoothed": true,
        "userAdded": false,
        "origin": {
          "identifier": "https://resources.gdevelop-app.com/assets/16x16 Dungeon Tileset/Characters/Necromancer_Idle_3.png",
          "name": "gdevelop-asset-store"
        }
      },
      {
        "alwaysLoaded": false,
        "file": "assets/Necromancer_Idle_4.png",
        "kind": "image",
        "metadata": "",
        "name": "Necromancer_Idle_4.png",
        "smoothed": true,
        "userAdded": false,
        "origin": {
          "identifier": "https://resources.gdevelop-app.com/assets/16x16 Dungeon Tileset/Characters/Necromancer_Idle_4.png",
          "name": "gdevelop-asset-store"
        }
      },
      {
        "alwaysLoaded": false,
        "file": "assets/Necromancer_Run_1.png",
        "kind": "image",
        "metadata": "",
        "name": "Necromancer_Run_1.png",
        "smoothed": true,
        "userAdded": false,
        "origin": {
          "identifier": "https://resources.gdevelop-app.com/assets/16x16 Dungeon Tileset/Characters/Necromancer_Run_1.png",
          "name": "gdevelop-asset-store"
        }
      },
      {
        "alwaysLoaded": false,
        "file": "assets/Necromancer_Run_2.png",
        "kind": "image",
        "metadata": "",
        "name": "Necromancer_Run_2.png",
        "smoothed": true,
        "userAdded": false,
        "origin": {
          "identifier": "https://resources.gdevelop-app.com/assets/16x16 Dungeon Tileset/Characters/Necromancer_Run_2.png",
          "name": "gdevelop-asset-store"
        }
      },
      {
        "alwaysLoaded": false,
        "file": "assets/Necromancer_Run_3.png",
        "kind": "image",
        "metadata": "",
        "name": "Necromancer_Run_3.png",
        "smoothed": true,
        "userAdded": false,
        "origin": {
          "identifier": "https://resources.gdevelop-app.com/assets/16x16 Dungeon Tileset/Characters/Necromancer_Run_3.png",
          "name": "gdevelop-asset-store"
        }
      },
      {
        "alwaysLoaded": false,
        "file": "assets/Necromancer_Run_4.png",
        "kind": "image",
        "metadata": "",
        "name": "Necromancer_Run_4.png",
        "smoothed": true,
        "userAdded": false,
        "origin": {
          "identifier": "https://resources.gdevelop-app.com/assets/16x16 Dungeon Tileset/Characters/Necromancer_Run_4.png",
          "name": "gdevelop-asset-store"
        }
      },
      {
        "alwaysLoaded": false,
        "file": "assets/Wall Banner Green.png",
        "kind": "image",
        "metadata": "",
        "name": "Wall Banner Green.png",
        "smoothed": true,
        "userAdded": false,
        "origin": {
          "identifier": "https://resources.gdevelop-app.com/assets/16x16 Dungeon Tileset/Walls/Wall Banner Green.png",
          "name": "gdevelop-asset-store"
        }
      },
      {
        "alwaysLoaded": false,
        "file": "assets/Wall Goo.png",
        "kind": "image",
        "metadata": "",
        "name": "Wall Goo.png",
        "smoothed": true,
        "userAdded": false,
        "origin": {
          "identifier": "https://resources.gdevelop-app.com/assets/16x16 Dungeon Tileset/Walls/Wall Goo.png",
          "name": "gdevelop-asset-store"
        }
      },
      {
        "alwaysLoaded": false,
        "file": "assets/Wall Right.png",
        "kind": "image",
        "metadata": "",
        "name": "assets/Wall Right.png",
        "smoothed": true,
        "userAdded": false
      }
    ],
    "resourceFolders": []
  },
  "objects": [],
  "objectsGroups": [],
  "variables": [],
  "layouts": [
    {
      "b": 209,
      "disableInputWhenNotFocused": true,
      "mangledName": "New_32scene",
      "name": "New scene",
      "oglFOV": 90,
      "oglZFar": 500,
      "oglZNear": 1,
      "r": 209,
      "standardSortMethod": true,
      "stopSoundsOnStartup": true,
      "title": "",
      "v": 209,
      "uiSettings": {
        "grid": true,
        "gridType": "rectangular",
        "gridWidth": 32,
        "gridHeight": 32,
        "gridOffsetX": 0,
        "gridOffsetY": 0,
        "gridColor": 10401023,
        "gridAlpha": 0.8,
        "snap": true,
        "zoomFactor": 1.4510367763131855,
        "windowMask": false
      },
      "objectsGroups": [
        {
          "name": "Group",
          "objects": [
            {
              "name": "WallRight"
            }
          ]
        }
      ],
      "variables": [],
      "instances": [
        {
          "angle": 0,
          "customSize": true,
          "height": 32,
          "layer": "",
          "locked": false,
          "name": "WallRight",
          "persistentUuid": "587c9e7e-ca21-497f-bad4-a9edbc7e7adb",
          "width": 32,
          "x": 32,
          "y": 0,
          "zOrder": 1,
          "numberProperties": [],
          "stringProperties": [],
          "initialVariables": []
        },
        {
          "angle": 0,
          "customSize": false,
          "height": 0,
          "layer": "",
          "locked": false,
          "name": "Wall",
          "persistentUuid": "a9ca0057-a629-416c-8e36-253666c46c1b",
          "width": 0,
          "x": -32,
          "y": -4640,
          "zOrder": 7,
          "numberProperties": [],
          "stringProperties": [],
          "initialVariables": []
        },
        {
          "angle": 0,
          "customSize": false,
          "height": 0,
          "layer": "",
          "locked": false,
          "name": "Wall",
          "persistentUuid": "77755497-d71e-4a73-861d-8c20938830da",
          "width": 0,
          "x": 0,
          "y": -4640,
          "zOrder": 8,
          "numberProperties": [],
          "stringProperties": [],
          "initialVariables": []
        },
        {
          "angle": 0,
          "customSize": false,
          "height": 0,
          "layer": "",
          "locked": false,
          "name": "Wall",
          "persistentUuid": "903027ea-35a4-477a-befb-7fcf02f0b3ac",
          "width": 0,
          "x": 32,
          "y": -4640,
          "zOrder": 9,
          "numberProperties": [],
          "stringProperties": [],
          "initialVariables": []
        },
        {
          "angle": 0,
          "customSize": false,
          "height": 0,
          "layer": "",
          "locked": false,
          "name": "Wall",
          "persistentUuid": "74bb6ba5-648e-47a4-a5e0-a45628c0cac9",
          "width": 0,
          "x": 64,
          "y": -4640,
          "zOrder": 10,
          "numberProperties": [],
          "stringProperties": [],
          "initialVariables": []
        },
        {
          "angle": 0,
          "customSize": false,
          "height": 0,
          "layer": "",
          "locked": false,
          "name": "Wall",
          "persistentUuid": "aaf87cb9-4b18-4745-b8f5-8ab805f7a639",
          "width": 0,
          "x": 96,
          "y": -4640,
          "zOrder": 11,
          "numberProperties": [],
          "stringProperties": [],
          "initialVariables": []
        },
        {
          "angle": 0,
          "customSize": false,
          "height": 0,
          "layer": "",
          "locked": false,
          "name": "Wall",
          "persistentUuid": "25e4cd04-6520-4393-9e3f-86dbcf237745",
          "width": 0,
          "x": 128,
          "y": -4640,
          "zOrder": 12,
          "numberProperties": [],
          "stringProperties": [],
          "initialVariables": []
        },
        {
          "angle": 0,
          "customSize": false,
          "height": 0,
          "layer": "",
          "locked": false,
          "name": "Wall",
          "persistentUuid": "98d1f380-bceb-4c85-bf5f-c0c7ca3e05fb",
          "width": 0,
          "x": 160,
          "y": -4640,
          "zOrder": 13,
          "numberProperties": [],
          "stringProperties": [],
          "initialVariables": []
        },
        {
          "angle": 0,
          "customSize": false,
          "height": 0,
          "layer": "",
          "locked": false,
          "name": "Wall",
          "persistentUuid": "7ce7bc55-fd50-4c10-bb9c-7d6013f3b801",
          "width": 0,
          "x": 192,
          "y": -4640,
          "zOrder": 14,
          "numberProperties": [],
          "stringProperties": [],
          "initialVariables": []
        }
      ],
      "objects": [
        {
          "name": "Skelet",
          "tags": "",
          "type": "Sprite",
          "updateIfNotVisible": false,
          "variables": [],
          "effects": [],
          "behaviors": [],
          "animations": [
            {
              "name": "Idle",
              "useMultipleDirections": false,
              "directions": [
                {
                  "looping": true,
                  "timeBetweenFrames": 0.125,
                  "sprites": [
                    {
                      "hasCustomCollisionMask": false,
                      "image": "Skelet_Idle_1.png",
                      "points": [],
                      "originPoint": {
                        "name": "origine",
                        "x": 0,
                        "y": 0
                      },
                      "centerPoint": {
                        "automatic": true,
                        "name": "centre",
                        "x": 0,
                        "y": 0
                      },
                      "customCollisionMask": []
                    },
                    {
                      "hasCustomCollisionMask": false,
                      "image": "Skelet_Idle_2.png",
                      "points": [],
                      "originPoint": {
                        "name": "origine",
                        "x": 0,
                        "y": 0
                      },
                      "centerPoint": {
                        "automatic": true,
                        "name": "centre",
                        "x": 0,
                        "y": 0
                      },
                      "customCollisionMask": []
                    },
                    {
                      "hasCustomCollisionMask": false,
                      "image": "Skelet_Idle_3.png",
                      "points": [],
                      "originPoint": {
                        "name": "origine",
                        "x": 0,
                        "y": 0
                      },
                      "centerPoint": {
                        "automatic": true,
                        "name": "centre",
                        "x": 0,
                        "y": 0
                      },
                      "customCollisionMask": []
                    },
                    {
                      "hasCustomCollisionMask": false,
                      "image": "Skelet_Idle_4.png",
                      "points": [],
                      "originPoint": {
                        "name": "origine",
                        "x": 0,
                        "y": 0
                      },
                      "centerPoint": {
                        "automatic": true,
                        "name": "centre",
                        "x": 0,
                        "y": 0
                      },
                      "customCollisionMask": []
                    }
                  ]
                }
              ]
            },
            {
              "name": "Run",
              "useMultipleDirections": false,
              "directions": [
                {
                  "looping": true,
                  "timeBetweenFrames": 0.125,
                  "sprites": [
                    {
                      "hasCustomCollisionMask": false,
                      "image": "Skelet_Run_1.png",
                      "points": [],
                      "originPoint": {
                        "name": "origine",
                        "x": 0,
                        "y": 0
                      },
                      "centerPoint": {
                        "automatic": true,
                        "name": "centre",
                        "x": 0,
                        "y": 0
                      },
                      "customCollisionMask": []
                    },
                    {
                      "hasCustomCollisionMask": false,
                      "image": "Skelet_Run_2.png",
                      "points": [],
                      "originPoint": {
                        "name": "origine",
                        "x": 0,
                        "y": 0
                      },
                      "centerPoint": {
                        "automatic": true,
                        "name": "centre",
                        "x": 0,
                        "y": 0
                      },
                      "customCollisionMask": []
                    },
                    {
                      "hasCustomCollisionMask": false,
                      "image": "Skelet_Run_3.png",
                      "points": [],
                      "originPoint": {
                        "name": "origine",
                        "x": 0,
                        "y": 0
                      },
                      "centerPoint": {
                        "automatic": true,
                        "name": "centre",
                        "x": 0,
                        "y": 0
                      },
                      "customCollisionMask": []
                    },
                    {
                      "hasCustomCollisionMask": false,
                      "image": "Skelet_Run_4.png",
                      "points": [],
                      "originPoint": {
                        "name": "origine",
                        "x": 0,
                        "y": 0
                      },
                      "centerPoint": {
                        "automatic": true,
                        "name": "centre",
                        "x": 0,
                        "y": 0
                      },
                      "customCollisionMask": []
                    }
                  ]
                }
              ]
            }
          ]
        },
        {
          "name": "KnightMale",
          "tags": "",
          "type": "Sprite",
          "updateIfNotVisible": false,
          "variables": [],
          "effects": [],
          "behaviors": [],
          "animations": [
            {
              "name": "Hit",
              "useMultipleDirections": false,
              "directions": [
                {
                  "looping": true,
                  "timeBetweenFrames": 0.02500000037252903,
                  "sprites": [
                    {
                      "hasCustomCollisionMask": false,
                      "image": "Knight Male_Hit.png",
                      "points": [],
                      "originPoint": {
                        "name": "origine",
                        "x": 0,
                        "y": 0
                      },
                      "centerPoint": {
                        "automatic": true,
                        "name": "centre",
                        "x": 0,
                        "y": 0
                      },
                      "customCollisionMask": []
                    }
                  ]
                }
              ]
            },
            {
              "name": "Idle",
              "useMultipleDirections": false,
              "directions": [
                {
                  "looping": true,
                  "timeBetweenFrames": 0.125,
                  "sprites": [
                    {
                      "hasCustomCollisionMask": false,
                      "image": "Knight Male_Idle_1.png",
                      "points": [],
                      "originPoint": {
                        "name": "origine",
                        "x": 0,
                        "y": 0
                      },
                      "centerPoint": {
                        "automatic": true,
                        "name": "centre",
                        "x": 0,
                        "y": 0
                      },
                      "customCollisionMask": []
                    },
                    {
                      "hasCustomCollisionMask": false,
                      "image": "Knight Male_Idle_2.png",
                      "points": [],
                      "originPoint": {
                        "name": "origine",
                        "x": 0,
                        "y": 0
                      },
                      "centerPoint": {
                        "automatic": true,
                        "name": "centre",
                        "x": 0,
                        "y": 0
                      },
                      "customCollisionMask": []
                    },
                    {
                      "hasCustomCollisionMask": false,
                      "image": "Knight Male_Idle_3.png",
                      "points": [],
                      "originPoint": {
                        "name": "origine",
                        "x": 0,
                        "y": 0
                      },
                      "centerPoint": {
                        "automatic": true,
                        "name": "centre",
                        "x": 0,
                        "y": 0
                      },
                      "customCollisionMask": []
                    },
                    {
                      "hasCustomCollisionMask": false,
                      "image": "Knight Male_Idle_4.png",
                      "points": [],
                      "originPoint": {
                        "name": "origine",
                        "x": 0,
                        "y": 0
                      },
                      "centerPoint": {
                        "automatic": true,
                        "name": "centre",
                        "x": 0,
                        "y": 0
                      },
                      "customCollisionMask": []
                    }
                  ]
                }
              ]
            },
            {
              "name": "Run",
              "useMultipleDirections": false,
              "directions": [
                {
                  "looping": true,
                  "timeBetweenFrames": 0.125,
                  "sprites": [
                    {
                      "hasCustomCollisionMask": false,
                      "image": "Knight Male_Run_1.png",
                      "points": [],
                      "originPoint": {
                        "name": "origine",
                        "x": 0,
                        "y": 0
                      },
                      "centerPoint": {
                        "automatic": true,
                        "name": "centre",
                        "x": 0,
                        "y": 0
                      },
                      "customCollisionMask": []
                    },
                    {
                      "hasCustomCollisionMask": false,
                      "image": "Knight Male_Run_2.png",
                      "points": [],
                      "originPoint": {
                        "name": "origine",
                        "x": 0,
                        "y": 0
                      },
                      "centerPoint": {
                        "automatic": true,
                        "name": "centre",
                        "x": 0,
                        "y": 0
                      },
                      "customCollisionMask": []
                    },
                    {
                      "hasCustomCollisionMask": false,
                      "image": "Knight Male_Run_3.png",
                      "points": [],
                      "originPoint": {
                        "name": "origine",
                        "x": 0,
                        "y": 0
                      },
                      "centerPoint": {
                        "automatic": true,
                        "name": "centre",
                        "x": 0,
                        "y": 0
                      },
                      "customCollisionMask": []
                    },
                    {
                      "hasCustomCollisionMask": false,
                      "image": "Knight Male_Run_4.png",
                      "points": [],
                      "originPoint": {
                        "name": "origine",
                        "x": 0,
                        "y": 0
                      },
                      "centerPoint": {
                        "automatic": true,
                        "name": "centre",
                        "x": 0,
                        "y": 0
                      },
                      "customCollisionMask": []
                    }
                  ]
                }
              ]
            }
          ]
        },
        {
          "name": "KnightSword",
          "tags": "",
          "type": "Sprite",
          "updateIfNotVisible": false,
          "variables": [],
          "effects": [],
          "behaviors": [],
          "animations": [
            {
              "name": "",
              "useMultipleDirections": false,
              "directions": [
                {
                  "looping": true,
                  "timeBetweenFrames": 0.02500000037252903,
                  "sprites": [
                    {
                      "hasCustomCollisionMask": false,
                      "image": "Knight Sword.png",
                      "points": [],
                      "originPoint": {
                        "name": "origine",
                        "x": 0,
                        "y": 0
                      },
                      "centerPoint": {
                        "automatic": true,
                        "name": "centre",
                        "x": 0,
                        "y": 0
                      },
                      "customCollisionMask": []
                    }
                  ]
                }
              ]
            }
          ]
        },
        {
          "name": "WallRight",
          "tags": "",
          "type": "Sprite",
          "updateIfNotVisible": false,
          "variables": [],
          "effects": [],
          "behaviors": [],
          "animations": [
            {
              "name": "WallRight",
              "useMultipleDirections": false,
              "directions": [
                {
                  "looping": true,
                  "timeBetweenFrames": 0.02500000037252903,
                  "sprites": [
                    {
                      "hasCustomCollisionMask": false,
                      "image": "assets/Wall Right.png",
                      "points": [],
                      "originPoint": {
                        "name": "origine",
                        "x": 0,
                        "y": 0
                      },
                      "centerPoint": {
                        "automatic": true,
                        "name": "centre",
                        "x": 0,
                        "y": 0
                      },
                      "customCollisionMask": []
                    }
                  ]
                }
              ]
            }
          ]
        },
        {
          "name": "Necromancer",
          "tags": "",
          "type": "Sprite",
          "updateIfNotVisible": false,
          "variables": [],
          "effects": [],
          "behaviors": [],
          "animations": [
            {
              "name": "Idle",
              "useMultipleDirections": false,
              "directions": [
                {
                  "looping": true,
                  "timeBetweenFrames": 0.125,
                  "sprites": [
                    {
                      "hasCustomCollisionMask": false,
                      "image": "Necromancer_Idle_1.png",
                      "points": [],
                      "originPoint": {
                        "name": "origine",
                        "x": 0,
                        "y": 0
                      },
                      "centerPoint": {
                        "automatic": true,
                        "name": "centre",
                        "x": 0,
                        "y": 0
                      },
                      "customCollisionMask": []
                    },
                    {
                      "hasCustomCollisionMask": false,
                      "image": "Necromancer_Idle_2.png",
                      "points": [],
                      "originPoint": {
                        "name": "origine",
                        "x": 0,
                        "y": 0
                      },
                      "centerPoint": {
                        "automatic": true,
                        "name": "centre",
                        "x": 0,
                        "y": 0
                      },
                      "customCollisionMask": []
                    },
                    {
                      "hasCustomCollisionMask": false,
                      "image": "Necromancer_Idle_3.png",
                      "points": [],
                      "originPoint": {
                        "name": "origine",
                        "x": 0,
                        "y": 0
                      },
                      "centerPoint": {
                        "automatic": true,
                        "name": "centre",
                        "x": 0,
                        "y": 0
                      },
                      "customCollisionMask": []
                    },
                    {
                      "hasCustomCollisionMask": false,
                      "image": "Necromancer_Idle_4.png",
                      "points": [],
                      "originPoint": {
                        "name": "origine",
                        "x": 0,
                        "y": 0
                      },
                      "centerPoint": {
                        "automatic": true,
                        "name": "centre",
                        "x": 0,
                        "y": 0
                      },
                      "customCollisionMask": []
                    }
                  ]
                }
              ]
            },
            {
              "name": "Run",
              "useMultipleDirections": false,
              "directions": [
                {
                  "looping": true,
                  "timeBetweenFrames": 0.125,
                  "sprites": [
                    {
                      "hasCustomCollisionMask": false,
                      "image": "Necromancer_Run_1.png",
                      "points": [],
                      "originPoint": {
                        "name": "origine",
                        "x": 0,
                        "y": 0
                      },
                      "centerPoint": {
                        "automatic": true,
                        "name": "centre",
                        "x": 0,
                        "y": 0
                      },
                      "customCollisionMask": []
                    },
                    {
                      "hasCustomCollisionMask": false,
                      "image": "Necromancer_Run_2.png",
                      "points": [],
                      "originPoint": {
                        "name": "origine",
                        "x": 0,
                        "y": 0
                      },
                      "centerPoint": {
                        "automatic": true,
                        "name": "centre",
                        "x": 0,
                        "y": 0
                      },
                      "customCollisionMask": []
                    },
                    {
                      "hasCustomCollisionMask": false,
                      "image": "Necromancer_Run_3.png",
                      "points": [],
                      "originPoint": {
                        "name": "origine",
                        "x": 0,
                        "y": 0
                      },
                      "centerPoint": {
                        "automatic": true,
                        "name": "centre",
                        "x": 0,
                        "y": 0
                      },
                      "customCollisionMask": []
                    },
                    {
                      "hasCustomCollisionMask": false,
                      "image": "Necromancer_Run_4.png",
                      "points": [],
                      "originPoint": {
                        "name": "origine",
                        "x": 0,
                        "y": 0
                      },
                      "centerPoint": {
                        "automatic": true,
                        "name": "centre",
                        "x": 0,
                        "y": 0
                      },
                      "customCollisionMask": []
                    }
                  ]
                }
              ]
            }
          ]
        },
        {
          "name": "WallBannerGreen",
          "tags": "",
          "type": "Sprite",
          "updateIfNotVisible": false,
          "variables": [],
          "effects": [],
          "behaviors": [],
          "animations": [
            {
              "name": "",
              "useMultipleDirections": false,
              "directions": [
                {
                  "looping": true,
                  "timeBetweenFrames": 0.02500000037252903,
                  "sprites": [
                    {
                      "hasCustomCollisionMask": false,
                      "image": "Wall Banner Green.png",
                      "points": [],
                      "originPoint": {
                        "name": "origine",
                        "x": 0,
                        "y": 0
                      },
                      "centerPoint": {
                        "automatic": true,
                        "name": "centre",
                        "x": 0,
                        "y": 0
                      },
                      "customCollisionMask": []
                    }
                  ]
                }
              ]
            }
          ]
        },
        {
          "name": "WallGoo",
          "tags": "",
          "type": "Sprite",
          "updateIfNotVisible": false,
          "variables": [],
          "effects": [],
          "behaviors": [],
          "animations": [
            {
              "name": "",
              "useMultipleDirections": false,
              "directions": [
                {
                  "looping": true,
                  "timeBetweenFrames": 0.02500000037252903,
                  "sprites": [
                    {
                      "hasCustomCollisionMask": false,
                      "image": "Wall Goo.png",
                      "points": [],
                      "originPoint": {
                        "name": "origine",
                        "x": 0,
                        "y": 0
                      },
                      "centerPoint": {
                        "automatic": true,
                        "name": "centre",
                        "x": 0,
                        "y": 0
                      },
                      "customCollisionMask": []
                    }
                  ]
                }
              ]
            }
          ]
        },
        {
          "height": 32,
          "name": "Wall",
          "tags": "",
          "texture": "Wall Right.png",
          "type": "TiledSpriteObject::TiledSprite",
          "width": 32,
          "variables": [],
          "effects": [],
          "behaviors": []
        }
      ],
      "events": [],
      "layers": [
        {
          "ambientLightColorB": 32,
          "ambientLightColorG": 0,
          "ambientLightColorR": 0,
          "followBaseLayerCamera": false,
          "isLightingLayer": false,
          "name": "",
          "visibility": true,
          "cameras": [
            {
              "defaultSize": true,
              "defaultViewport": true,
              "height": 0,
              "viewportBottom": 1,
              "viewportLeft": 0,
              "viewportRight": 1,
              "viewportTop": 0,
              "width": 0
            }
          ],
          "effects": []
        }
      ],
      "behaviorsSharedData": []
    }
  ],
  "externalEvents": [],
  "eventsFunctionsExtensions": [],
  "externalLayouts": [],
  "externalSourceFiles": []
}